<?xml version="1.0" encoding="UTF-8"?>  
<!DOCTYPE mapper   
PUBLIC "-//mybatis.org//DTD Mapper 3.0//EN"  
"http://mybatis.org/dtd/mybatis-3-mapper.dtd">  

<mapper namespace = "com.tz.oa.sysmanage.mapper.UserMapper"> 
	<sql id = "all_user_columns">
	 	USER_ID,DEPT_ID,LOGIN_NAME,PASSWORD,
	  		USER_NO,USER_NAME,EMAIL,PHONE,MOBILE,
	  		UPDATE_BY,UPDATE_DATE,REMARKS	 
	</sql>
 
	<!--将通用的sql查询条件抽取出来,成为sql片段 ,给不同方法应用  -->
	<sql id="query_user_sql_where">			
		<if test="userName!=null"> 
			AND USER_NAME LIKE '%${userName}%'
		</if>
		<if test="loginName!=null"> 
			AND LOGIN_NAME= #{loginName}
		</if>
		<if test="password!=null"> 
			AND PASSWORD= #{password}
		</if>		
	</sql>
	<!--根据用户id获取用户信息   -->
	<select id="getUserList" parameterType="user" resultType="user">
		SELECT
		<include refid="all_user_columns"></include>
		FROM PM_SYS_USER
		<where>
			<include refid="query_user_sql_where"></include>		
		</where>
	</select> 
	
	<!-- 根据条件查询 用户列表 -->
	<select id="getUserById" parameterType="java.lang.Long" resultType="user">
		SELECT
		<include refid="all_user_columns"></include>
		FROM PM_SYS_USER
		WHERE USER_ID = #{userId}
	</select>
	 
	<!--修改用户密码  -->
	<update id="updateUserPassword">
	UPDATE PM_SYS_USER SET PASSWORD = #{1} WHERE USER_ID = #{0}
	</update>
	 
	<!--根据id获取用户明细 包含部门名称以及角色列表   -->
	<select id="getUserInfoById" parameterType="java.lang.Long" resultType="userDto">
		SELECT A.USER_ID,A.DEPT_ID,A.LOGIN_NAME,A.PASSWORD,
   		 A.USER_NO,A.USER_NAME,A.EMAIL,A.PHONE,A.MOBILE,
   		 A.UPDATE_BY,A.UPDATE_DATE,A.REMARKS,B.NAME DEPT_NAME 
   		  FROM PM_SYS_USER A ,PM_SYS_DEPT B
   		 WHERE A.USER_ID=#{usesId} AND A.DEPT_ID = B.ID
   		 <!-- SELECT A.USER_ID,A.DEPT_ID,A.LOGIN_NAME,A.PASSWORD,
   		 A.USER_NO,A.USER_NAME,A.EMAIL,A.PHONE,A.MOBILE,
   		 A.UPDATE_BY,A.UPDATE_DATE,A.REMARKS,B.NAME DEPT_NAME,C.ROLE_ID,D.NAME 
   		  FROM PM_SYS_USER A ,PM_SYS_DEPT B,PM_SYS_USER_ROLE C,PM_SYS_ROLE D
   		 WHERE A.USER_ID=C.USER_ID AND  A.USER_ID=#{usesId} AND A.DEPT_ID = B.ID AND D.ID=C.ROLE_ID -->		 
	</select> 
	
	<!--修改用户个人信息  -->
	<update id="updateUser" parameterType="user">
		UPDATE PM_SYS_USER  
		<set> 
			<if test="deptId != null">
	            DEPT_ID = #{deptId},
	        </if>
	        <if test="loginName != null">
	            LOGIN_NAME = #{loginName},
	        </if>   
	        <if test="userNo != null">
	            USER_NO = #{userNo},
	        </if>
	        <if test="userName != null">
	            USER_NAME = #{userName},
	        </if>	
	        <if test="email != null">
	            EMAIL = #{email},
	        </if>
	        <if test="phone != null">
	            PHONE = #{phone},
	        </if>
	         <if test="mobile != null">
	            MOBILE = #{mobile},
	        </if>
	        <if test="updateBy != null">
	            UPDATE_BY = #{updateBy},
	        </if>
	        <if test="updateDate != null">
	            UPDATE_DATE = #{updateDate},
	        </if>
	        <if test="remarks != null">
	            REMARKS = #{remarks},
	        </if>		 
		</set>
		WHERE USER_ID = #{userId}
 	</update>
 	
 	<!--根据条件查询 用户列表   -->
	<select id="getUserDtoList" parameterType="user" resultType="userDto">
		SELECT A.USER_ID,A.DEPT_ID,A.LOGIN_NAME,A.PASSWORD,
   		 A.USER_NO,A.USER_NAME,A.EMAIL,A.PHONE,A.MOBILE,
   		 A.UPDATE_BY,A.UPDATE_DATE,A.REMARKS,B.NAME DEPT_NAME 
   		 FROM PM_SYS_USER A ,PM_SYS_DEPT B
 		<!--where 标签两个用途:1:添加sql中where关键字 2:判断第一个条件前面不需要AND-->
		<where>
			AND A.DEPT_ID = B.ID
		 	<if test="userName!=null"> 
				AND A.USER_NAME LIKE '%${userName}%'
	 		</if>					
			<if test="deptId!=null"> 
				AND A.DEPT_ID= #{deptId}
			</if>			
		 </where>	
	</select>
	
	<!--根据条件查询部门集合 用户列表   -->
	<select id="getUserDtoListTwo" resultType="userDto">
		SELECT A.USER_ID,A.DEPT_ID,A.LOGIN_NAME,A.PASSWORD,
   		 A.USER_NO,A.USER_NAME,A.EMAIL,A.PHONE,A.MOBILE,
   		 A.UPDATE_BY,A.UPDATE_DATE,A.REMARKS,B.NAME DEPT_NAME 
   		 FROM PM_SYS_USER A ,PM_SYS_DEPT B
		 where A.DEPT_ID = B.ID AND A.DEPT_ID in
		<foreach collection="list" item="deptId" open="(" close=")" separator=",">
		#{deptId}
		</foreach>		
				
	</select>
	
	<!-- 根据用户id查询用户所拥有的角色 -->
	<select id="getUserRoleByUserId" parameterType="long" resultType="userToRole">
		SELECT USER_ID,ROLE_ID FROM PM_SYS_USER_ROLE WHERE USER_ID = #{userId}
	</select>
	
	<!-- 添加用户 -->
	<insert id="addUser" parameterType="user" useGeneratedKeys="true"
    keyProperty="userId">
		<!-- <selectKey keyProperty="userId" resultType="long" order="AFTER" >
               SELECT LAST_INSERT_ID() as userId
        </selectKey> -->
        	  
		INSERT INTO PM_SYS_USER(DEPT_ID,LOGIN_NAME,PASSWORD,
   						 USER_NO,USER_NAME,EMAIL,PHONE,MOBILE,
   		 				UPDATE_BY,UPDATE_DATE,REMARKS)
		VALUES(#{deptId},#{loginName},#{password},#{userNo},
				#{userName},#{email},#{phone},#{mobile},
				#{updateBy},#{updateDate},#{remarks})
	
	</insert>
	
	<!-- 批量增加用户角色对应关系记录  -->
	<insert id="addUserRoleBatch" parameterType = "userToRole">	
		INSERT INTO PM_SYS_USER_ROLE(USER_ID,ROLE_ID)
		VALUES
		<foreach collection="list" item="userToRole" index="index" separator="," >  
        	(#{userToRole.userId},#{userToRole.roleId})  
   		</foreach> 
	</insert>
	 
	<!--删除用户  -->
	<delete id="delUser" parameterType="java.lang.Long">
		DELETE FROM PM_SYS_USER WHERE USER_ID=#{id}
	</delete>
	
	<!--删除用户角色对应关系表  -->
	<delete id="delUserRoleByUserId" parameterType="java.lang.Long">
		DELETE FROM PM_SYS_USER_ROLE WHERE USER_ID=#{id}
	</delete> 
</mapper>