<?xml version="1.0" encoding="UTF-8"?>
<beans xmlns="http://www.springframework.org/schema/beans"
    xmlns:xsi="http://www.w3.org/2001/XMLSchema-instance"
    xmlns:context="http://www.springframework.org/schema/context"
    xmlns:tx="http://www.springframework.org/schema/tx"
    xmlns:aop="http://www.springframework.org/schema/aop" 
    xsi:schemaLocation="
        http://www.springframework.org/schema/beans 
        http://www.springframework.org/schema/beans/spring-beans.xsd
        http://www.springframework.org/schema/context 
        http://www.springframework.org/schema/context/spring-context.xsd
        http://www.springframework.org/schema/tx 
        http://www.springframework.org/schema/tx/spring-tx.xsd      
        http://www.springframework.org/schema/aop
        http://www.springframework.org/schema/aop/spring-aop.xsd">
    <context:component-scan base-package="com.tz.oa" >
    	<!--过滤掉控制层的注解  -->
    	<context:exclude-filter type="annotation"
    		 expression="org.springframework.stereotype.Controller"/>
    </context:component-scan> 
    
    <context:property-placeholder location="classpath:jdbc.properties" />  
    
	<!-- 配置druid数据源 -->
	<bean id="dataSource" class="com.alibaba.druid.pool.DruidDataSource"
		  init-method="init" destroy-method="close">
	  	<property name="driverClassName" value="${jdbc.driverClass}" />
	  	<property name="url" value="${jdbc.url}" />
      	<property name="username" value="${jdbc.username}" />
      	<property name="password" value="${jdbc.password}" />
	</bean>
	 
	<!--注册jdbc访问数据的事务管理器  -->
	<bean id = "txManager" class = "org.springframework.jdbc.datasource.DataSourceTransactionManager">
	 	<property name="dataSource" ref = "dataSource"></property>
	</bean>
	
	<!--开启事物注解驱动  -->
	<tx:annotation-driven  transaction-manager="txManager" />
	
	<!--配置mybaits的SqlSessionFactory  -->
	<bean id = "sqlSessionFactory" class = "org.mybatis.spring.SqlSessionFactoryBean">
		<property name="dataSource" ref = "dataSource"></property>
		<property name="configLocation" value="classpath:mybatis-cfg.xml"></property>	
	</bean>
	
	 <!--由于上面第一种方式,每个接口类的实现生成带来都需要配置,不方便
	 	所以,我们需要采用mapper扫描器 MapperScannerConfigurer来配置哪些包下面需要自动创建代理对象  -->
	 	
	 <bean class = "org.mybatis.spring.mapper.MapperScannerConfigurer">
	 	<!--如果有多个报路径,用逗号分开即可  -->
	 	<property name="basePackage" value="com.tz.oa.*.mapper"/>
	 	<property name="sqlSessionFactoryBeanName" value="sqlSessionFactory"/>
	 </bean>	
	 	
	 	
	 	
</beans>